"Incident ID","Incident Date",State,"City Or County",Address,"# Killed","# Injured",Operations
1288927,"December 31, 2018",Colorado,Longmont,"2211 Pratt St",1,0,N/A
1291156,"December 31, 2018",Texas,Mexia,"500 block of W Commerce St",0,0,N/A
1290183,"December 31, 2018","West Virginia",Charleston,N/A,0,0,N/A
1289200,"December 31, 2018",Indiana,"Fort Wayne","9200 block of Springbreeze Ct",0,1,N/A
1288974,"December 31, 2018","North Carolina",Burlington,"700 block of Elizabeth St",0,0,N/A
1290506,"December 31, 2018",Texas,Abilene,"2400 block of Glendale Dr",0,0,N/A
1305833,"December 30, 2018",Pennsylvania,Scranton,N/A,0,0,N/A
1289176,"December 30, 2018",Oklahoma,"Oklahoma City","E Madison St",0,1,N/A
1288416,"December 30, 2018",Ohio,Miamisburg,"119 N 1st St",1,1,N/A
1292840,"December 30, 2018","North Carolina",Winterville,"3900 block of Sterling Pointe Dr",0,0,N/A
1288608,"December 30, 2018",Maryland,Frostburg,"S Grant St",0,0,N/A
1287719,"December 29, 2018",Massachusetts,Quincy,"Crown Dr",0,1,N/A
1288686,"December 29, 2018",Tennessee,"Goodlettsville (Millersville)","1100 block of Slaters Creek Rd",0,0,N/A
1287717,"December 29, 2018",Mississippi,Golden,"Alice Hall Rd",2,0,N/A
1292976,"December 29, 2018",Oklahoma,"Oklahoma City","SE 35th St",0,0,N/A
1287030,"December 28, 2018",Arizona,Glendale,"4900 block of W Thunderbird Rd",1,0,N/A
1287678,"December 28, 2018","North Carolina","Winston Salem (Winston-salem)","2700 block of Country Club Rd",0,1,N/A
1287424,"December 28, 2018",Virginia,Lynchburg,"1400 block of Ashbourne Dr",0,0,N/A
1286888,"December 28, 2018",Ohio,Cincinnati,"Glenway Ave",0,0,N/A
1287948,"December 28, 2018",Maryland,Reisterstown,"4300 block of Butler Rd",0,1,N/A
1289464,"December 28, 2018",Arizona,Phoenix,"43rd Ave and Indian School Rd",1,3,N/A
1287778,"December 27, 2018","New Jersey",Trenton,"100 block of Walnut Ave",0,0,N/A
1286785,"December 27, 2018",Florida,Palmetto,"600 block of Riverside Dr",0,1,N/A
1286095,"December 27, 2018",Virginia,Roanoke,"1500 block of Gordon Ave SE",0,0,N/A
1286626,"December 27, 2018",Maryland,Frostburg,"10400 block of Piney Mountain Rd",1,0,N/A
1288562,"December 27, 2018",Texas,Sweetwater,"800 block of Lubbock St",0,1,N/A
1287108,"December 27, 2018",Texas,Houston,"5400 Beverly Hill",0,1,N/A
1285119,"December 26, 2018",Illinois,Chicago,"5700 block of W 64th Pl",1,1,N/A
1285384,"December 26, 2018",Alabama,"Bessemer (Brighton)","Parker Springs St and Short Perry Ave",1,0,N/A
1286217,"December 26, 2018",Maryland,Manchester,"3000 block of Maiden Ln",0,0,N/A
1320154,"December 25, 2018",Ohio,Dayton,"4996 Woodman Park Dr",0,0,N/A
1284796,"December 25, 2018","South Carolina",Greenville,"17 Appaloosa Dr",0,2,N/A
1353305,"December 25, 2018",Ohio,Canton,"1700 block of 29th St NW",0,0,N/A
1383215,"December 25, 2018",Washington,Aberdeen,"400 block of N Washington St",0,1,N/A
1285145,"December 25, 2018","New Jersey",Clifton,"200 block of Ackerman Ave",0,0,N/A
1286591,"December 25, 2018",Texas,Killeen,"2900 block of Taft St",0,0,N/A
1285683,"December 25, 2018",Connecticut,Milford,"W Main St",0,0,N/A
1284086,"December 24, 2018",Ohio,Toledo,"2400 block of N Detroit Ave",0,0,N/A
1284567,"December 24, 2018","North Carolina",Dudley,"107 Connies Walk",0,3,N/A
1284402,"December 24, 2018",Michigan,Detroit,"900 block of Webb St",0,0,N/A
1284191,"December 23, 2018",Pennsylvania,Selinsgrove,"100 block of S High St",0,0,N/A
1283175,"December 23, 2018",Pennsylvania,Philadelphia,"9400 block of Torresdale Ave",0,2,N/A
1283169,"December 23, 2018","North Carolina",Burlington,"2200 block of Pine Knoll Terrace",0,1,N/A
1283160,"December 23, 2018",Texas,"San Antonio","15503 Vance Jackson Rd",0,0,N/A
1284034,"December 23, 2018","New Jersey",Glassboro,"Cornell Rd",0,0,N/A
1285409,"December 23, 2018",Iowa,"Council Bluffs","1030 5th Ave",0,1,N/A
1284341,"December 23, 2018",Michigan,Detroit,"7600 block of Stahelin Ave",1,0,N/A
1284332,"December 23, 2018",California,Alhambra,"1200 block of N Hidalgo Ave",0,0,N/A
1287771,"December 22, 2018","New Jersey","Monroe Township (Monroe)","N Beecham Rd",0,0,N/A
1282535,"December 22, 2018",Florida,Sarasota,"2900 block of Mayflower St",0,1,N/A
1284784,"December 22, 2018","New Jersey","Monroe Township","N Beecham Rd",0,0,N/A
1282499,"December 22, 2018",Florida,"Fernandina Beach","2800 Manatee Ave",0,0,N/A
1285039,"December 22, 2018",Florida,"Lake City","SW Ziegler Terrace",0,2,N/A
1282772,"December 21, 2018",California,Garberville,"Sesame Loop",0,0,N/A
1291142,"December 21, 2018","North Carolina",Salisbury,"E Cemetery St",0,0,N/A
1305608,"December 21, 2018",Indiana,Gary,"800 block of E 45th Ave",0,0,N/A
1286042,"December 21, 2018","New York",Poughkeepsie,"Hudson Pointe Dr",0,0,N/A
1316956,"December 21, 2018",Louisiana,Gonzales,"Bishop Woods Rd",0,0,N/A
1281737,"December 21, 2018","South Carolina",Greenville,"Grove Rd",0,1,N/A
1282105,"December 21, 2018",Massachusetts,Boston,"198 Blue Hill Ave",1,0,N/A
1282856,"December 21, 2018",Texas,Dallas,"2900 block of Etta Dr",0,1,N/A
1282261,"December 21, 2018",Mississippi,Sallis,"Attala Rd 4985",0,1,N/A
1286648,"December 21, 2018",Florida,Okeechobee,"NW 9th Ave",0,0,N/A
1281850,"December 20, 2018","North Carolina",Lexington,"123 Upton St",1,0,N/A
1282570,"December 20, 2018","New York",Buffalo,"Walden Ave",0,0,N/A
1281123,"December 20, 2018",Pennsylvania,Pittsburgh,"Fremont St",0,0,N/A
1281118,"December 20, 2018",Kentucky,Danville,"25 Holladay Dr",0,0,N/A
1281799,"December 20, 2018",Oklahoma,Tulsa,"N Peoria Ave and E 26th Pl",0,0,N/A
1281022,"December 20, 2018",Oklahoma,Tulsa,"E 36th St N and N Hartford Ave",0,0,N/A
1281712,"December 20, 2018","South Carolina",Aiken,"Cherokee St",1,0,N/A
1291298,"December 20, 2018",Texas,Killeen,"4500 block of Westcliff Dr",1,0,N/A
1281456,"December 19, 2018",Florida,"Land O Lakes","8000 block of Belcher Ln",1,0,N/A
1383146,"December 19, 2018",Texas,"Fort Worth","8504 Cove Meadow Lane",0,1,N/A
1280778,"December 19, 2018",Nebraska,Omaha,"40th St",0,0,N/A
1281767,"December 19, 2018","North Carolina",Charlotte,"Deveron Dr",0,0,N/A
1282319,"December 19, 2018","New York",Kingston,"189 North St",0,0,N/A
1281694,"December 19, 2018",Missouri,"Jefferson City","5600 block of Scherr Dr",0,0,N/A
1280388,"December 18, 2018","New Jersey","Ridgefield Park","4th St",0,1,N/A
1280074,"December 18, 2018",Maryland,Baltimore,"3500 block of Ash St",0,1,N/A
1281298,"December 18, 2018",California,Concord,"4600 block of Phoenix St",1,0,N/A
1279662,"December 18, 2018",Georgia,Atlanta,"4300 block of Chamblee Tucker Rd",0,2,N/A
1279120,"December 17, 2018",Montana,Missoula,N/A,0,0,N/A
1287693,"December 17, 2018",Texas,"Corpus Christi","5700 block of Wooldridge Rd",0,0,N/A
1279063,"December 17, 2018",Colorado,"Colorado Springs","4900 block of Hawk Meadow Dr",0,0,N/A
1279850,"December 17, 2018","North Carolina",Leicester,"Green Vale Dr",0,0,N/A
1299164,"December 17, 2018","North Carolina",Raleigh,"Slippery Elm Dr",0,0,N/A
1278870,"December 17, 2018",Georgia,Atlanta,"Ira St",1,1,N/A
1278849,"December 17, 2018",Michigan,Detroit,"14200 block of Prevost St",1,0,N/A
1280271,"December 17, 2018",Florida,"Fort Pierce","100 block of Gotham Dr",0,0,N/A
1330923,"December 17, 2018",Maryland,Hagerstown,"50 block of W Baltimore St",0,0,N/A
1282880,"December 17, 2018",Missouri,Florissant,"Shackelford Rd and New Halls Ferry Rd",0,0,N/A
1279928,"December 17, 2018",Pennsylvania,Sharon,"700 block of Wengler Ave",0,0,N/A
1280025,"December 17, 2018",Texas,Lubbock,"2700 block of E 2nd St",0,3,N/A
1282222,"December 16, 2018",Louisiana,"Lake Charles",US-90,2,0,N/A
1278840,"December 16, 2018","Rhode Island",Providence,"205 Laurel Hill Ave",0,1,N/A
1279499,"December 16, 2018",Pennsylvania,Philadelphia,"5600 block of N Uber St",0,0,N/A
1289409,"December 15, 2018","New Hampshire",Rochester,"Lafayette St",0,0,N/A
1278352,"December 15, 2018",Louisiana,Raceland,"100 block of Market St",2,0,N/A
1279116,"December 15, 2018",California,Stockton,N/A,0,0,N/A
1277553,"December 15, 2018",Arizona,Phoenix,"10402 N Black Canyon Hwy",1,0,N/A
1278964,"December 15, 2018",Minnesota,Winona,"850 block of W 5th St",0,1,N/A
1279741,"December 15, 2018",Indiana,Lafayette,"2567 Kingsway Dr",0,0,N/A
1278074,"December 15, 2018",Arizona,Phoenix,"15800 block of S 32nd Pl",0,0,N/A
1281822,"December 15, 2018","North Carolina","Red Banks","Jefferson Rd",0,0,N/A
1277999,"December 15, 2018",Florida,Orlando,"8000 block of Leeland Archer Blvd",0,1,N/A
1277820,"December 15, 2018",Wisconsin,Madison,"600 Block S Shore St",0,0,N/A
1277790,"December 15, 2018",Michigan,Detroit,"3800 block of 28th St",0,1,N/A
1278182,"December 15, 2018",Texas,Houston,"4620 Fisk St",1,0,N/A
1277389,"December 15, 2018",Missouri,"Saint Louis","2100 block of Cherry Ave",2,0,N/A
1278834,"December 14, 2018","New York","Shelter Island",N/A,0,0,N/A
1278604,"December 14, 2018","New Jersey",Phillipsburg,"273 Mercer St",0,2,N/A
1276779,"December 14, 2018",Florida,Hialeah,"100 block of E 60th St",0,0,N/A
1276462,"December 13, 2018",Missouri,Springfield,"1131 Battlefield Rd",0,1,N/A
1284577,"December 13, 2018","North Carolina","Rocky Mount","Bethlehem Rd",0,0,N/A
1276792,"December 13, 2018",Florida,Zephyrhills,"FL 54 and Golf Links Blvd",0,0,N/A
1276580,"December 13, 2018",Michigan,Jackson,"1000 block of Blair Park Dr",0,2,N/A
1277679,"December 13, 2018",Louisiana,Slidell,"951 Gause Blvd",0,0,N/A
1277750,"December 13, 2018",Pennsylvania,Philadelphia,"1500 block of Carlisle St",0,0,N/A
1276367,"December 12, 2018","New Mexico",Albuquerque,"Kiowa Ave",1,0,N/A
1275663,"December 12, 2018",Mississippi,"De Kalb","100 block of John C Stennis Ave",0,2,N/A
1276087,"December 12, 2018",Arkansas,"Little Rock","800 block of S Rodney Parham Rd",0,1,N/A
1277619,"December 12, 2018","Rhode Island",Providence,"107 Harriet St",0,1,N/A
1383171,"December 11, 2018",Texas,"San Antonio","800 block of Jennings  Ave",1,0,N/A
1274689,"December 11, 2018",Virginia,"Newport News","3600 block of Marshall Ave",0,1,N/A
1381298,"December 11, 2018",Ohio,Sunbury,"Carters Corner Rd",0,0,N/A
1275799,"December 11, 2018",Illinois,Decatur,"S Dipper Ln",0,0,N/A
1280712,"December 11, 2018",Mississippi,Shelby,"Douglas St",0,1,N/A
1275436,"December 10, 2018","South Carolina",Graniteville,"1600 Kalmia Apartments Ln",0,0,N/A
1273610,"December 9, 2018","North Carolina",Laurinburg,"17200 block of Lee's Mill Rd",1,3,N/A
1275650,"December 9, 2018",Louisiana,Sterlington,"Harvey Ave and Gilford Ave",0,1,N/A
1301336,"December 9, 2018","Rhode Island",Woonsocket,"289 Cottage St",0,1,N/A
1273742,"December 9, 2018","West Virginia",Huntington,"938 27th St",0,1,N/A
1380823,"December 9, 2018",Georgia,McRae-Helena,"Bowen St",1,1,N/A
1274711,"December 9, 2018","North Carolina",Stanfield,"Yow Rd",0,0,N/A
1274403,"December 9, 2018",Colorado,"Colorado Springs","255 Lionstone Dr",0,0,N/A
1276316,"December 8, 2018",Missouri,Seneca,"Shawnee St",0,1,N/A
1272501,"December 8, 2018",Louisiana,Crowley,"1800 block of May St",0,0,N/A
1273679,"December 8, 2018",Virginia,Gordonsville,"18000 block of Blue Ridge Turnpike",0,0,N/A
1274647,"December 8, 2018","South Carolina",Conway,"Beverly Rd",0,0,N/A
1276443,"December 8, 2018",Alabama,Montgomery,"4700 block of Oak Tree Rd",0,0,N/A
1274655,"December 8, 2018","South Carolina",Orangeburg,"Travers St SE",0,0,N/A
1274033,"December 7, 2018",Illinois,Patoka,"20400 Meridian Rd",0,0,N/A
1271773,"December 7, 2018",Oklahoma,Tulsa,"4837 S Darlington Ave",0,0,N/A
1273342,"December 7, 2018",Florida,"West Palm Beach","Beech Rd",0,1,N/A
1317654,"December 7, 2018",Wisconsin,"Eau Claire","Richard Dr",0,1,N/A
1274489,"December 7, 2018",Ohio,Cleveland,"14000 block of Gramatan Ave",0,1,N/A
1272521,"December 7, 2018","North Dakota",Minot,"700 block of 8th Ave NE",0,0,N/A
1272143,"December 7, 2018","New York",Yonkers,"82 Buckingham Rd",1,2,N/A
1381336,"December 6, 2018",Ohio,Youngstown,"West Judson Avenue",0,0,N/A
1271603,"December 6, 2018",Tennessee,Goodlettsville,"115 Old Brick Church Pike",0,2,N/A
1270722,"December 6, 2018",Virginia,Norfolk,"1400 block of Goff St",0,2,N/A
1272331,"December 6, 2018",Tennessee,Memphis,"3655 Southern Ave",0,0,N/A
1272232,"December 6, 2018",Ohio,"West Portsmouth","3700 block of Mackletree Road",1,0,N/A
1272603,"December 6, 2018",Illinois,Charleston,"2403 8th St",0,0,N/A
1270604,"December 6, 2018",Oklahoma,Tulsa,"4414 S Garnett Rd",0,1,N/A
1271187,"December 6, 2018",Washington,Seattle,"8800 block of Delridge Way SW",0,1,N/A
1271049,"December 6, 2018",Missouri,"Saint Louis","4400 block of Pershing Ave",0,0,N/A
1270823,"December 5, 2018",Pennsylvania,Allentown,"300 block of Chew St",0,0,N/A
1270654,"December 5, 2018",Indiana,Indianapolis,"3700 block of Graceland Ave",0,1,N/A
1307834,"December 5, 2018",Florida,"Pensacola (Bellview)","Patricia Dr",0,1,N/A
1270455,"December 5, 2018",Illinois,Chicago,"8000 block of S Dobson Ave",0,1,N/A
1269405,"December 4, 2018","New York",Bronx,"47 W 175th St",0,0,N/A
1269866,"December 4, 2018",Virginia,"Newport News","600 block of North Ave",0,0,N/A
1269150,"December 4, 2018","South Carolina",Pickens,"Meece Mill Rd",1,0,N/A
1270417,"December 4, 2018",Michigan,Chesaning,"826 S Front St",0,3,N/A
1271100,"December 4, 2018",Maine,Caribou,"Lombard Rd",0,0,N/A
1268921,"December 3, 2018",Alabama,Athens,"200 block of Cloverfield Dr",0,0,N/A
1269498,"December 3, 2018",Oklahoma,Tulsa,"N Mingo Rd and E Admiral Pl",0,1,N/A
1269350,"December 3, 2018",Virginia,Blackstone,"667 Poplar Lawn Rd",1,0,N/A
1275205,"December 3, 2018",Indiana,Hammond,"500 block of Pointe Dr",0,1,N/A
1268894,"December 3, 2018",Louisiana,Opelousas,"219 Depot St",0,1,N/A
1268780,"December 3, 2018",Massachusetts,Chicopee,"18 Plante Cir",0,1,N/A
1269631,"December 3, 2018","Rhode Island",Providence,"125 Carolina Ave",0,1,N/A
1268480,"December 2, 2018",Michigan,Detroit,"9000 block of Mark Twain",1,0,N/A
1267954,"December 2, 2018",Arizona,Chandler,"Elliott Rd and Arizona Ave",0,1,N/A
1358273,"December 2, 2018",Ohio,Lima,"1500 block of Bradfield Dr",0,0,N/A
1268995,"December 2, 2018",Michigan,Detroit,N/A,1,0,N/A
1268277,"December 2, 2018",Florida,Miami,"NE 207th St and 13th Ave",0,0,N/A
1267227,"December 1, 2018",Louisiana,"New Orleans","400 block of Lakeshore Dr",0,1,N/A
1268168,"December 1, 2018",California,Cloverdale,"400 block of North Foothill Blvd",0,1,N/A
1268806,"December 1, 2018",Tennessee,Chattanooga,"4000 block of Calderwood Cir",0,0,N/A
1269923,"December 1, 2018",Georgia,Athens,"200 block of Hilltop Rd",0,0,N/A
1267207,"December 1, 2018","South Carolina",Gaffney,"121 Concord Acres Dr",1,1,N/A
1267769,"December 1, 2018",Texas,Houston,"5251 Gasmer Dr",1,0,N/A
1266978,"November 30, 2018",Indiana,"Fort Wayne","1924 Sunnymede Dr",0,1,N/A
1266742,"November 30, 2018",Oklahoma,Tulsa,"S 129th E Ave and E 31st St",0,1,N/A
1267885,"November 30, 2018",Tennessee,Quebeck,"Quebeck Rd",1,1,N/A
1267656,"November 29, 2018",Oregon,Ontario,"SE Ninth Ave and SE Fourth St",1,0,N/A
1266814,"November 29, 2018","South Carolina",Parker,"Monaview Cir",0,1,N/A
1267167,"November 29, 2018",Florida,"Tampa (Town N Country)","6000 block of W Clifton St",0,1,N/A
1265709,"November 29, 2018",Pennsylvania,Philadelphia,"2700 block of Brown St",0,0,N/A
1266263,"November 29, 2018",Texas,Cypress,"10811 Gates Randall Ct",1,0,N/A
1266280,"November 28, 2018",California,"San Diego","Charlene Ave",0,1,N/A
1266251,"November 28, 2018",Arkansas,"Little Rock","Nandina Cir",0,0,N/A
1266285,"November 28, 2018",California,Snelling,"7000 block of Merced Falls Rd",0,3,N/A
1265388,"November 28, 2018",Indiana,Evansville,N/A,0,0,N/A
1265985,"November 28, 2018",Virginia,Petersburg,"1000 block of Elliott Ave",1,0,N/A
1265886,"November 28, 2018",Tennessee,Antioch,"1600 block of Hickory Club Dr",1,2,N/A
1267818,"November 28, 2018",Maryland,Dundalk,"Eastdale Rd and 54th St",0,0,N/A
1267775,"November 28, 2018",Illinois,Peoria,"100 block of N Village Green Ct",0,1,N/A
1265728,"November 28, 2018",Texas,Houston,"Adrian St and Berkley St",1,0,N/A
1264744,"November 27, 2018",Oklahoma,Tulsa,"4900 block of S Columbia Ave",1,0,N/A
1264434,"November 27, 2018",Kentucky,Covington,"300 block of W 7th St",1,0,N/A
1265479,"November 27, 2018",Tennessee,Kingsport,"Dorothy St",0,2,N/A
1266559,"November 27, 2018",Colorado,"Grand Junction",N/A,0,0,N/A
1314112,"November 27, 2018",Florida,Tallahassee,"Nugget Ln",0,0,N/A
1266342,"November 27, 2018",Texas,"Wichita Falls","1900 block of Gilbert Ave",0,1,N/A
1265101,"November 26, 2018","New York","Central Square","3247 Fulton Ave",0,1,N/A
1264227,"November 26, 2018","South Carolina",Anderson,"900 block of King St",1,0,N/A
1263674,"November 26, 2018",California,Fresno,"N Valentine Ave and W Olive Ave",0,1,N/A
1263294,"November 25, 2018",Missouri,"Saint Louis","800 block of Dickson St",0,0,N/A
1263556,"November 25, 2018",Arkansas,"Hot Springs National Park (Hot Springs)","400 block of Alcorn St",0,1,N/A
1263072,"November 25, 2018",Florida,Windermere,"13000 Beckman Dr",0,0,N/A
1262884,"November 25, 2018",Michigan,"Ypsilanti (Superior Township)","8000 block of MacArthur Blvd",0,0,N/A
1262710,"November 25, 2018",Mississippi,"Moss Point","4618 Frederick St",1,1,N/A
1266201,"November 24, 2018",Florida,Tampa,"2409 W State St",1,0,N/A
1263695,"November 24, 2018","New York",Rome,"806 W Liberty St",0,1,N/A
1262747,"November 24, 2018",Mississippi,Jackson,"1600 block of Central St",0,1,N/A
1269230,"November 24, 2018","South Carolina","Orangeburg (county)",N/A,0,0,N/A
1263264,"November 24, 2018",Kansas,Leavenworth,"604 Chestnut St",1,0,N/A
1264056,"November 24, 2018","New Jersey",Millville,"600 block of S 2nd St",0,0,N/A
1263270,"November 24, 2018",Missouri,Columbia,"5700 block of Limoges Dr",1,0,N/A
1292981,"November 24, 2018",Oklahoma,"Oklahoma City","SE 35th St",0,0,N/A
1262952,"November 23, 2018",Georgia,Rome,"1501 Maple Ave",1,0,N/A
1261301,"November 23, 2018",Oklahoma,"Oklahoma City","1900 block of NW 18th St",0,1,N/A
1277431,"November 23, 2018",Colorado,Pueblo,"800 block of Frontier St",0,0,N/A
1261881,"November 23, 2018",Illinois,Chicago,"4600 block of N Milwaukee Ave",0,1,N/A
1276377,"November 23, 2018",Missouri,"Kansas City",N/A,0,0,N/A
1322887,"November 23, 2018",Virginia,"Colonial Heights","17000 block of Lansmill Dr",0,0,N/A
1260914,"November 22, 2018","New Hampshire",Amherst,"19 Baboosic Lake Rd",1,0,N/A
1260920,"November 22, 2018",Texas,Lewisville,"100 block of E Round Grove Rd",2,0,N/A
1260903,"November 22, 2018",Virginia,Hopewell,"400 block of Davisville St",0,0,N/A
1261597,"November 22, 2018",Ohio,Columbus,"1500 block of Vendome Dr S",1,0,N/A
1261606,"November 22, 2018",Texas,"El Paso","8400 block of Signal Peak Place",2,1,N/A
1261290,"November 22, 2018",Alaska,Fairbanks,"Southern Ave",0,2,N/A
1260807,"November 22, 2018",Illinois,"Richton Park","4900 block of Bayview Dr",0,0,N/A
1260928,"November 22, 2018",Oklahoma,"Broken Arrow","1300 block of N 31st St",0,1,N/A
1261351,"November 22, 2018",Indiana,"Fort Wayne","6100 block of Downingtown Dr",3,2,N/A
1261796,"November 22, 2018",Washington,Seattle,"7115 44th Ave S",1,0,N/A
1261044,"November 22, 2018",Connecticut,Bridgeport,"45 Monroe St",0,0,N/A
1260869,"November 21, 2018","North Carolina",Matthews,"7400 block of Leahurst Ct",0,1,N/A
1262855,"November 21, 2018",California,Honeydew,"Wilder Ridge Rd",0,0,N/A
1266123,"November 21, 2018","New Mexico","Las Cruces","1300 block of Wolf Tr",0,0,N/A
1260744,"November 21, 2018",Arkansas,"West Helena","Memphis St",0,1,N/A
1260475,"November 21, 2018",Kentucky,Lexington,"Birch Dr",0,0,N/A
1261839,"November 21, 2018",California,Ukiah,"2400 block of Mill Creek Rd",0,1,N/A
1266418,"November 21, 2018","District of Columbia",Washington,"700 block of Princeton Pl NW",0,0,N/A
1262252,"November 20, 2018",Illinois,Decatur,"400 block of N 33rd St",0,0,N/A
1259789,"November 20, 2018",Ohio,Warren,"526 Hall St NW",0,1,N/A
1260601,"November 20, 2018",Connecticut,"New Haven","200 block of Elsworth Ave",0,1,N/A
1261097,"November 20, 2018","South Carolina",Lexington,"300 block of Railroad Ave",0,0,N/A
1261728,"November 19, 2018",Mississippi,Clarksdale,"Garfield St",0,1,N/A
1258840,"November 19, 2018",Alabama,Huntsville,"4909 Cotton Row",0,1,N/A
1259025,"November 19, 2018",Missouri,"Kansas City","114th Street and Holmes Road",0,1,N/A
1281045,"November 19, 2018",Oklahoma,Duncan,N/A,0,0,N/A
1259961,"November 19, 2018","New Hampshire",Manchester,"Massabesic St",0,0,N/A
1266406,"November 19, 2018",Texas,Whitehouse,"900 block of Stacy Dr",0,1,N/A
1260544,"November 19, 2018","North Carolina",Lexington,"100 block of W 1st Ave",0,0,N/A
1258988,"November 18, 2018",Pennsylvania,"Slippery Rock","Hines Rd",0,1,N/A
1258753,"November 18, 2018",Kentucky,Campbellsville,"Friendship Pike",0,2,N/A
1258339,"November 18, 2018",Pennsylvania,Pottstown,"300 block of N Washington St",1,0,N/A
1261348,"November 18, 2018",Pennsylvania,Gettysburg,"800 block of Shrivers Corner Rd",0,0,N/A
1259157,"November 18, 2018",Delaware,Dover,"400 block of E Water St",0,0,N/A
1258742,"November 18, 2018","New Hampshire",Laconia,"21 Clay St",0,0,N/A
1265016,"November 17, 2018",Florida,Tampa,"W State St",1,0,N/A
1258970,"November 17, 2018",Pennsylvania,Philadelphia,"4500 block of Higbee St",0,1,N/A
1259792,"November 16, 2018",Wisconsin,"La Crosse (Lacrosse)","7th St",0,0,N/A
1258924,"November 16, 2018",Kansas,Wichita,"700 block of E Antler Ave",0,0,N/A
1266400,"November 16, 2018",Louisiana,"Lake Charles","Alma Dr",0,0,N/A
1257562,"November 16, 2018",Michigan,"Clinton Township","20400 block of Coventry St",0,1,N/A
1257720,"November 16, 2018",Idaho,Pocatello,"1242 N Main St",0,1,N/A
1256398,"November 15, 2018",Florida,Pensacola,"5 block of Ellis Dr",0,1,N/A
1257548,"November 15, 2018",Pennsylvania,"New Kensington","1200 4th Ave",0,1,N/A
1256292,"November 15, 2018",Kentucky,Lexington,"Withers Ave",0,0,N/A
1257529,"November 15, 2018",Wisconsin,Salem,"31508 71st Street",1,3,N/A
1274910,"November 14, 2018",Connecticut,Shelton,"Howe Ave",0,0,N/A
1255781,"November 14, 2018",Oklahoma,Tulsa,"15th and 129th East Ave",0,1,N/A
1255714,"November 14, 2018",Oregon,"Portland (Tigard)","SW Sage Ter",1,0,N/A
1255492,"November 14, 2018",Virginia,"Virginia Beach","800 block of Elizabeth Ct",1,0,N/A
1255410,"November 14, 2018",California,"Palm Springs","2200 block of Sunshine Circle S",0,0,N/A
1255757,"November 14, 2018",Kentucky,Louisville,"3500 block of Woodruff Ave",1,1,N/A
1256765,"November 14, 2018","North Carolina",Greenville,"2200 block of Bellamy Cir",0,0,N/A
1257649,"November 13, 2018","New York",Yates,"Lakeshore Rd",0,0,N/A
1253910,"November 13, 2018",Georgia,Atlanta,"4800 block of Brookwood Pl",0,1,N/A
1254148,"November 12, 2018",Kentucky,"Horse Cave","880 Charlie Mansfield Rd",0,1,N/A
1253417,"November 12, 2018","New Jersey",Mantoloking,"914 Barnegat Ln",1,0,N/A
1256352,"November 12, 2018",Georgia,Bainbridge,"400 N Clay St",0,2,N/A
1254327,"November 11, 2018",California,Alhambra,"606 S 6th St",1,0,N/A
1372246,"November 11, 2018",Pennsylvania,"Chartiers Township","Hallam Avenue",0,0,N/A
1253682,"November 11, 2018",Illinois,Chicago,"3500 block of W Flournoy St",0,1,N/A
1254175,"November 11, 2018","North Carolina",Chadbourn,"Easy St",0,0,N/A
1259256,"November 11, 2018",Oklahoma,Mcalester,N/A,0,1,N/A
1257166,"November 11, 2018","New Jersey",Newark,"30s block of S 12th St",0,0,N/A
1254396,"November 10, 2018",Tennessee,Nashville,"Antioch Pike",0,0,N/A
1252375,"November 10, 2018",Tennessee,Knoxville,"2728 Forest Edge Way",1,1,N/A
1252126,"November 10, 2018",Texas,"Fort Worth","6600 block of Sheridan Rd",0,1,N/A
1252456,"November 10, 2018","New Jersey","Neptune (Neptune City)","1030 Old Corlies Ave",1,0,N/A
1252048,"November 10, 2018",Florida,Tallahassee,"2616 Mission Rd",0,1,N/A
1252484,"November 10, 2018",Maryland,Salisbury,"800 block of Schumaker Dr",0,0,N/A
1253006,"November 9, 2018",Pennsylvania,Pittsburgh,"3400 block of Louisa St",0,0,N/A
1368990,"November 9, 2018",Alabama,Semmes,"Snow Road",0,0,N/A
1254209,"November 9, 2018",Illinois,Peoria,"1600 block of N New York Ave",0,1,N/A
1251581,"November 9, 2018",Florida,Windermere,"Zori Ln",0,0,N/A
1298399,"November 9, 2018","South Carolina",Greenville,"Ridge Rd",0,0,N/A
1251400,"November 9, 2018","South Carolina","Moncks Corner","Gulledge St and Julia Carolina Ave",1,0,N/A
1251999,"November 9, 2018",Florida,"Saint Augustine",N/A,0,0,N/A
1372360,"November 8, 2018",Tennessee,Lebanon,"600 block of Park Avenue",0,0,N/A
1267553,"November 8, 2018",Texas,"Fort Worth (Blue Mound)",N/A,0,0,N/A
1251142,"November 8, 2018",Maryland,Annapolis,"708 Newtowne Dr",0,0,N/A
1368932,"November 7, 2018",Alabama,Mobile,N/A,0,1,N/A
1250354,"November 7, 2018",Kentucky,Mayfield,"1000 block of Ballard Rd",0,0,N/A
1249200,"November 7, 2018",Tennessee,Greeneville,"Camelot Park",0,0,N/A
1251810,"November 7, 2018",Illinois,Rockford,"3200 block of Orleans Ave",0,0,N/A
1249456,"November 7, 2018",Texas,Houston,"2300 block of Kolby Way",1,0,N/A
1251722,"November 6, 2018",Mississippi,Gulfport,"Rhorer Ave",0,0,N/A
1250990,"November 6, 2018",Oklahoma,Enid,"831 E Oklahoma Ave",0,1,N/A
1247757,"November 5, 2018",Georgia,Athens,"Ponderosa Dr",1,2,N/A
1250691,"November 5, 2018",Georgia,Covington,"Brookwood Dr",1,0,N/A
1248749,"November 5, 2018",Oklahoma,"Oklahoma City","N Military Ave and NW 50th St",0,0,N/A
1248728,"November 4, 2018",Missouri,"Saint Louis (University City)",N/A,1,0,N/A
1251551,"November 4, 2018","North Carolina",Greenville,"1300 block of Westpointe Dr",0,0,N/A
1247502,"November 4, 2018","New Mexico","Santa Fe","4501 San Ignacio Rd",0,1,N/A
1248014,"November 3, 2018",Louisiana,"La Place (Laplace)","Sugar Pine St",1,0,N/A
1248992,"November 3, 2018",Maryland,Waldorf,"2200 block of Westwood Dr",0,0,N/A
1247311,"November 2, 2018",Colorado,Denver,"N Downing St and 14th Ave",1,0,N/A
1247403,"November 2, 2018",Louisiana,"New Orleans","4600 block of Rosemont Pl",0,0,N/A
1251535,"November 2, 2018","North Carolina",Fayetteville,"500 block of Northview Dr",0,1,N/A
1247990,"November 2, 2018",Tennessee,Dresden,"Gardiner Rd",0,0,N/A
1246432,"November 2, 2018","North Carolina","Chapel Hill","810 Old Fayetteville Rd",1,1,N/A
1250451,"November 2, 2018",Florida,Windermere,"13300 block of Zori Ln",0,0,N/A
1248102,"November 2, 2018",Massachusetts,Brockton,"15 Johnson Ct",0,2,N/A
1246237,"November 1, 2018",Pennsylvania,Pottstown,"162 Charlotte St",0,1,N/A
1246047,"November 1, 2018","South Carolina",Lancaster,"1424 Kings Cir",0,1,N/A
1246167,"November 1, 2018",Ohio,Cleveland,"17500 block of Euclid Ave",1,0,N/A
1245990,"November 1, 2018","South Carolina",Centerville,"116 Norfolk Cir",0,1,N/A
1245321,"November 1, 2018",Pennsylvania,"Pittsburgh (Mount Oliver)","100 block of Sherman Ave",1,0,N/A
1245908,"October 31, 2018",Georgia,Quitman,"900 block of N Washington St",0,1,N/A
1244994,"October 31, 2018",Oklahoma,Tulsa,"6951 E 15th Pl",0,1,N/A
1244754,"October 31, 2018",Michigan,Detroit,"19000 block of Langholm St",1,3,N/A
1244855,"October 31, 2018",Mississippi,Clarksdale,"900 block of Cheyenne St",1,1,N/A
1246289,"October 31, 2018",Indiana,Indianapolis,"8851 Springside Ln E",0,0,N/A
1244802,"October 31, 2018",Louisiana,Houma,"500 block of Louise St",0,0,N/A
1248172,"October 31, 2018",Louisiana,"New Orleans","Privateer Pl",0,0,N/A
1245024,"October 31, 2018",Texas,"Fort Worth","6520 Red Sierra Dr",0,1,N/A
1244233,"October 30, 2018",Oklahoma,"Oklahoma City","1800 block of NE 51st St",0,1,N/A
1244506,"October 30, 2018",Ohio,Cleveland,"E 78th St and Broadway Ave",1,1,N/A
1244723,"October 30, 2018",Kentucky,Guthrie,"N Ewing St",0,0,N/A
1244724,"October 30, 2018",Kentucky,Hopkinsville,"E 1st St and Jago Rd",0,0,N/A
1244694,"October 30, 2018",Tennessee,Memphis,"3000 block of Knight Ln",0,0,N/A
1244099,"October 30, 2018","North Carolina",Raleigh,"100 block of Idlewild Ave",0,0,N/A
1244460,"October 30, 2018",Iowa,"Des Moines","1300 block of Hutton St",0,1,N/A
1245030,"October 30, 2018",Texas,Houston,"Greens Pkwy and Greens Plaza Dr",0,1,N/A
1244558,"October 29, 2018",Ohio,Warren,"Edgehill Ave SE",0,1,N/A
1244135,"October 29, 2018",Mississippi,Clarksdale,"900 block of Cheyenne Street",1,1,N/A
1243777,"October 29, 2018",Idaho,"Post Falls","900 block of S Spokane St",1,0,N/A
1244598,"October 29, 2018","New York","Corona (Queens)","38-30 Crescent St",0,0,N/A
1262494,"October 29, 2018",Ohio,Coshocton,"400 block of N 8th St",0,0,N/A
1244430,"October 29, 2018",Arkansas,"Little Rock","5200 block of Stanley Drive",0,1,N/A
1245131,"October 29, 2018",Maine,Waterville,"Elm St",0,0,N/A
1245040,"October 29, 2018",Texas,"Humble (Atascocita)","5303 Atascocita Rd",0,1,N/A
1243148,"October 28, 2018",Nevada,"Las Vegas","8100 block of W Charleston Blvd",1,0,N/A
1262960,"October 28, 2018",Georgia,Rome,N/A,0,0,N/A
1244070,"October 28, 2018","South Carolina","Rock Hill","Stoney Pointe Dr",0,2,N/A
1244019,"October 27, 2018","South Carolina",Orangeburg,"Geneva Rd",1,0,N/A
1242162,"October 27, 2018","North Carolina",Hendersonville,"HS Dalton Rd",0,2,N/A
1244356,"October 27, 2018","Rhode Island",Pawtucket,"440 Kenyon Ave",0,2,N/A
1243523,"October 27, 2018",California,"San Diego","1500 block of Oro Vista Rd",0,0,N/A
1242855,"October 27, 2018",California,"Long Beach (North Long Beach)","200 block of Orleans Way",0,0,N/A
1242953,"October 27, 2018",Nebraska,Hebron,"600 block of Jefferson Ave",1,1,N/A
1251155,"October 27, 2018",Maryland,"Gaithersburg (Darnestown)","600 block of Seneca Rd",0,0,N/A
1243817,"October 27, 2018",Wisconsin,Madison,"4700 block of Cottage Grove Rd",0,1,N/A
1244898,"October 26, 2018",Florida,Orlando,"9800 block of Heron Pointe Dr",0,1,N/A
1241557,"October 26, 2018",California,Modesto,"1300 block of Conrad Way",0,1,N/A
1243518,"October 26, 2018",California,"San Diego","Camino De La Reina",0,0,N/A
1241459,"October 26, 2018",Kentucky,Lexington,"1820 Jacks Creek Pike",0,0,N/A
1242786,"October 26, 2018","New York","Staten Island","Ibsen Ave",0,2,N/A
1244118,"October 26, 2018",Washington,Snohomish,"19100 block of Yew Way",0,0,N/A
1243379,"October 26, 2018","North Carolina",Asheville,"French Broad Ave",0,1,N/A
1243188,"October 26, 2018",Oregon,Portland,"5100 block of SE 111th Ave",0,0,N/A
1241738,"October 26, 2018","New Mexico",Albuquerque,"208 63rd St NW",1,0,N/A
1241084,"October 25, 2018","New Mexico",Ruidoso,"239 Country Club Dr",1,1,N/A
1241145,"October 25, 2018",Texas,"San Antonio","4025 Mystic Sunrise Dr",1,2,N/A
1241004,"October 25, 2018",Louisiana,"New Orleans","3200 block of Louisiana Avenue Pkwy",0,0,N/A
1241512,"October 25, 2018",Tennessee,Knoxville,"1616 Clinch Ave",0,0,N/A
1240500,"October 24, 2018","New York",Chappaqua,"Pond Hill Rd",0,0,N/A
1242272,"October 24, 2018",Pennsylvania,Erie,"2900 block of Vienna Rd",0,0,N/A
1251258,"October 24, 2018",Florida,"Miami Beach","Pennsylvania Ave and Ninth St",0,1,N/A
1241106,"October 24, 2018",Florida,Gotha,"3500 block of Furlong Way",0,1,N/A
1358201,"October 24, 2018",Georgia,"Carroll (county)",N/A,1,0,N/A
1240577,"October 24, 2018",Georgia,Savannah,"1425 King George Blvd",0,0,N/A
1240660,"October 23, 2018",Colorado,Denver,"1000 block of S Gilpin St",0,0,N/A
1240482,"October 23, 2018",Ohio,Cleveland,"Fairfax Ave and Lee Rd",0,1,N/A
1241030,"October 23, 2018",Louisiana,"Lake Charles",N/A,0,0,N/A
1240520,"October 23, 2018",Florida,Windermere,"5801 Nature View Dr",0,1,N/A
1239380,"October 23, 2018",Washington,"Seattle (Seatac)","20400 block of 15th Ave S",0,0,N/A
1241353,"October 23, 2018",Maryland,Chestertown,"100 block of N Mill St",0,0,N/A
1239700,"October 22, 2018",Florida,Deland,N/A,0,1,N/A
1254390,"October 22, 2018","New York","Corona (Queens)","Parsons Blvd and 34th Ave",0,0,N/A
1238837,"October 22, 2018",Indiana,Muncie,"800 block of N Jefferson St",0,0,N/A
1240129,"October 22, 2018",Wisconsin,Madison,"Winchester St",0,0,N/A
1239157,"October 22, 2018",Michigan,Detroit,"12200 block of Grandmont Ave",0,1,N/A
1237904,"October 21, 2018",Colorado,Greeley,"1500 block of 88th Ave Ct",0,2,N/A
1239566,"October 21, 2018",Indiana,Clinton,N/A,0,0,N/A
1237773,"October 21, 2018",Alabama,Athens,"Sewell Rd",0,0,N/A
1239621,"October 21, 2018","New Jersey",Pleasantville,"105 E Ridgewood Ave",0,0,N/A
1241517,"October 20, 2018",Tennessee,Knoxville,"Sweetview Way",0,0,N/A
1237669,"October 20, 2018",Oregon,Bend,"20000 block of NE Sierra Dr",2,0,N/A
1241340,"October 20, 2018",Maryland,Aberdeen,"1112 S Philadelphia Blvd",0,0,N/A
1239985,"October 20, 2018",Louisiana,"New Orleans","4500 block of Camelot Dr",0,0,N/A
1236404,"October 19, 2018","North Carolina","Chapel Hill","5333 Lucas Farm Ln",0,1,N/A
1236705,"October 19, 2018",Florida,"Palm Bay","900 block of Cotorro Rd",2,0,N/A
1236795,"October 19, 2018",Arkansas,"North Little Rock","2223 W Short 17th St",1,0,N/A
1237276,"October 19, 2018","New York",Oneida,"Stone St",0,0,N/A
1239316,"October 18, 2018",Ohio,Cleveland,"2239 Forestdale Ave",0,2,N/A
1236019,"October 18, 2018","Rhode Island","North Scituate (Scituate)","Matteson Rd",0,0,N/A
1237268,"October 18, 2018",Illinois,Chicago,"8700 block of S Euclid Ave",0,1,N/A
1235607,"October 18, 2018","North Carolina",Lexington,"423 Elwin Cir",0,1,N/A
1236507,"October 18, 2018",Pennsylvania,Easton,"2100 block of Freemansburg Ave",0,0,N/A
1358798,"October 18, 2018",Oregon,"Happy Valley","8900 block of SE 139th Avenue",0,0,N/A
1235657,"October 17, 2018",Missouri,Columbia,"100 block of W N Cedar Lake Dr",0,0,N/A
1235609,"October 17, 2018",Indiana,Anderson,"2300 block of Chase St",0,0,N/A
1270792,"October 17, 2018","New Jersey","Cape May (North Cape May)","100 block of Old Mill Rd",0,1,N/A
1234918,"October 17, 2018",Washington,Longview,"605 California Way",1,0,N/A
1234985,"October 17, 2018",Maryland,"Temple Hills","4300 block of 23rd Pl",1,0,N/A
1235187,"October 17, 2018",Texas,"San Antonio","6200 Old Pearsall Rd",1,1,N/A
1235278,"October 17, 2018",Texas,Denison,"400 block of Martin Luther King St",0,0,N/A
1234062,"October 16, 2018",Tennessee,Madison,"1120 Florence Ave",0,0,N/A
1269418,"October 16, 2018",Virginia,Norfolk,"Ruffin St",0,0,N/A
1234364,"October 16, 2018",Illinois,Alton,"200 block of W Delmar Ave",1,0,N/A
1233981,"October 16, 2018",Florida,"Spring Hill","12271 Legend St",1,0,N/A
1235113,"October 15, 2018",California,"San Diego","3200 block of Bramson Place",0,0,N/A
1234352,"October 15, 2018",Massachusetts,Southwick,"156 Vining Hills Rd",0,1,N/A
1250917,"October 15, 2018",Georgia,Gainesville,"Graham Cir",1,0,N/A
1233700,"October 15, 2018",Kentucky,Louisville,"1500 block of W Chestnut St",0,0,N/A
1244833,"October 15, 2018","New York",Huntington,"311 New York Ave",0,0,N/A
1233396,"October 15, 2018","New Jersey",Trenton,"1500 block of Genesee St",0,1,N/A
1233240,"October 15, 2018",Oklahoma,"Oklahoma City","SW 74th St and S May Ave",0,0,N/A
1233821,"October 15, 2018","New York","Rockville Centre (Lakeview)","Mahopac Rd",0,0,N/A
1233743,"October 15, 2018",Wisconsin,Barron,"1268 US 8",2,0,N/A
1235100,"October 14, 2018",Tennessee,Memphis,N/A,0,0,N/A
1233425,"October 14, 2018",Virginia,Bedford,"1100 block E Lois Ct",1,0,N/A
1232572,"October 14, 2018","New York",Brooklyn,"Livonia Ave",0,0,N/A
1233477,"October 14, 2018",Louisiana,"New Orleans","S Oak Ridge Ct",0,1,N/A
1233482,"October 14, 2018",Kentucky,Louisville,"2100 block of Goldsmith Ln",2,0,N/A
1232850,"October 14, 2018",Delaware,Dover,"428 N DuPont Hwy",0,1,N/A
1244777,"October 14, 2018",Oklahoma,Tulsa,"N Greenwood Pl",3,0,N/A
1232548,"October 14, 2018","New Jersey","Ridgefield Park","19 Gordon St",0,1,N/A
1240313,"October 13, 2018","West Virginia","Gallipolis Ferry","4500 block of Millstone Rd",0,0,N/A
1233454,"October 13, 2018",Pennsylvania,Tobyhanna,"Deerfield Dr",0,0,N/A
1233918,"October 12, 2018",Ohio,Cleveland,"Middlebrook Blvd",0,1,N/A
1241522,"October 12, 2018",Tennessee,Knoxville,"Highland Crest Way",0,0,N/A
1231929,"October 12, 2018",Kentucky,Henderson,"3600 block of Jason Ave",0,0,N/A
1235260,"October 12, 2018",Oklahoma,Durant,"W Pine St",0,0,N/A
1231484,"October 11, 2018",Delaware,Lewes,"19000 block of Ward Rd",0,0,N/A
1233862,"October 11, 2018",Maryland,"Mount Airy","1400 block of Village Oaks Ct",0,0,N/A
1230898,"October 11, 2018",Florida,"Hollywood (West Park)","5200 block of SW 20th St",0,0,N/A
1230686,"October 11, 2018",Oklahoma,"Oklahoma City (Nichols Hills)","1200 block of Belford Ave",0,1,N/A
1230469,"October 11, 2018",Tennessee,Knoxville,"2400 block of Lamp Dr",1,0,N/A
1230737,"October 10, 2018",Florida,Century,"Lake St",0,1,N/A
1232263,"October 10, 2018",Ohio,Bedford,"Gould Ave",1,0,N/A
1230992,"October 10, 2018",Florida,"Cape Coral","SW 14th Place",0,0,N/A
1229174,"October 9, 2018","New York","Niagara Falls","3700 block of McKoon Ave",0,0,N/A
1229925,"October 9, 2018",Tennessee,Nashville,"100 block of Charles Ct",0,0,N/A
1229852,"October 9, 2018",Pennsylvania,Scranton,"800 block of Moosic St",0,0,N/A
1230894,"October 9, 2018",Florida,Madison,"S FL 53",1,0,N/A
1229717,"October 9, 2018","North Carolina",Charlotte,"9200 Willow Ridge Rd",1,0,N/A
1229144,"October 9, 2018",Missouri,"Saint Louis","4201 Peyton Ln",1,0,N/A
1230193,"October 9, 2018",Michigan,Detroit,"7000 Evergreen Rd",0,1,N/A
1231259,"October 9, 2018","New Mexico",Lovington,"300 block of N Eddy St",0,0,N/A
1229269,"October 9, 2018",Nebraska,Lincoln,"Cornhusker Hwy and N 35th St",0,1,N/A
1229049,"October 8, 2018",Massachusetts,Canton,"236 Neponset St",0,0,N/A
1228898,"October 8, 2018",California,"Chino Hills","15920 Pomona Rincon Rd",0,0,N/A
1228387,"October 7, 2018",Tennessee,Nashville,"Montgomery Ave",0,0,N/A
1227351,"October 7, 2018","New Mexico",Albuquerque,"4710 Montgomery Blvd NE",0,1,N/A
1227738,"October 7, 2018",Illinois,Chicago,"5700 block of N Spaulding Ave",1,1,N/A
1227176,"October 7, 2018",Missouri,"Kansas City (Raytown)","5700 block of Elm Ave",1,2,N/A
1227907,"October 7, 2018",Louisiana,Shreveport,"3000 block of Marquette Ave",1,0,N/A
1228433,"October 6, 2018",Minnesota,"Eden Prairie","Jennifer Ct",0,0,N/A
1227698,"October 6, 2018",Colorado,"Colorado Springs","2700 block of Flintridge Cir",1,0,N/A
1228089,"October 6, 2018",Virginia,Richmond,"300 block of Starview Ln",0,1,N/A
1227486,"October 5, 2018",Oklahoma,Enid,"4800 block of W Ritchie Ave",0,1,N/A
1226048,"October 5, 2018",Arkansas,"Little Rock","1022 E 9th St",0,0,N/A
1228310,"October 5, 2018",Georgia,Moultrie,"100 block of 30th Ave NE",0,0,N/A
1225978,"October 5, 2018",Louisiana,Deville,"40 block of Roy Blair Rd",0,1,N/A
1225680,"October 5, 2018",Texas,Houston,"Clinton Park St and De Haven St",0,2,N/A
1225899,"October 5, 2018",Virginia,Hampton,"1800 block of Hurst Dr",1,0,N/A
1225763,"October 5, 2018","South Carolina",Columbia,"2210 Waverly St",1,1,N/A
1226285,"October 5, 2018",Texas,Houston,"8400 block of Hammerly",0,1,N/A
1226632,"October 4, 2018","South Carolina","Rock Hill","1600 block of India Hook Rd",0,0,N/A
1225935,"October 4, 2018",California,Alamo,"700 block of Evelyn Court",0,0,N/A
1225857,"October 4, 2018",Tennessee,Chattanooga,"8200 block of Standifer Gap Rd",0,1,N/A
1225283,"October 4, 2018","New Mexico",Albuquerque,"400 block of Avital Dr",1,0,N/A
1245055,"October 3, 2018","New Mexico",Tucumcari,"3900 block of E Maple Ave",0,0,N/A
1358569,"October 3, 2018","New Jersey","North Bergen","41st St and Liberty Ave",0,0,N/A
1223843,"October 3, 2018",Georgia,Athens,"Atlanta Ave",0,0,N/A
1225215,"October 3, 2018",Oklahoma,"Oklahoma City","8501 Candlewood Dr",1,0,N/A
1223998,"October 3, 2018","South Carolina",Rowesville,"Rowesville Rd",0,0,N/A
1224126,"October 2, 2018","North Carolina","High Point",N/A,0,0,N/A
1223118,"October 2, 2018",Delaware,Dover,"50 Webbs Ln",0,1,N/A
1223825,"October 2, 2018",Tennessee,Hixson,"1600 block of Thrasher Pike",0,0,N/A